Company Rank,Tier,Company,Role,Location,Posted/Age,Apply URL,Source,Fit track
1,Stretch / slightly out of reach,Datadog,Software Engineer - Early Career,"Lisbon, Portugal; monitor US early-career offices",crawled yesterday/today,https://careers.datadoghq.com/detail/7646452/,Official / web search,Platform / backend / cloud
2,Stretch / slightly out of reach,Stripe,"Software Engineering, New Grad / Software Engineer, New Grad",Multiple / listing-dependent,crawled last month / 3-4mo,https://stripe.com/jobs/listing/software-engineering-new-grad/7176977/apply,Official / web search,Platform / backend / cloud
3,Stretch / slightly out of reach,Microsoft,Software Engineer - Early in Profession; Responsible AI; Data Engineering IC2,"Redmond, WA / US",updated Apr-May 2026,https://careers.microsoft.com/students/us/en/hr2p,Official / web search,AI / data engineering
4,Stretch / slightly out of reach,Google,Software Engineer Early Career - Infrastructure,"12 locations: Madison, WI; Seattle, WA; Austin, TX; LA; Raleigh, NC; San Bruno, CA; Durham, NC; Kirkland, WA; NYC; Sunnyvale, CA; Mountain View, CA; Atlanta, GA",7mo,https://www.google.com/about/careers/applications/jobs/results/88714689822761670?utm_source=Simplify&ref=Simplify,SimplifyJobs New-Grad-Positions active,Platform / backend / cloud
4,Stretch / slightly out of reach,Google,Software Engineer  Early Career - AI/ML - PhD,"London, UK",3mo,https://www.google.com/about/careers/applications/jobs/results/92286686481785542?utm_source=Simplify&ref=Simplify,SimplifyJobs New-Grad-Positions active,Platform / backend / cloud
5,Stretch / slightly out of reach,Amazon,Data Engineer 1 - AWS WW Field Enablement - Analytics and Product Operations,"Seattle, WA",27d,https://amazon.jobs/en/jobs/10410579/data-engineer-i-aws-ww-field-enablement-analytics-and-product-operations?utm_source=Simplify&ref=Simplify,SimplifyJobs New-Grad-Positions active,Platform / backend / cloud
5,Stretch / slightly out of reach,Amazon,Software Engineer 1,"Seattle, WA; SF",4d,https://amazon.jobs/en/jobs/3141336/software-engineer-i?utm_source=Simplify&ref=Simplify,SimplifyJobs New-Grad-Positions active,Platform / backend / cloud
6,Stretch / slightly out of reach,NVIDIA,AI Software Engineer New Grad - Kernel Libraries,"Santa Clara, CA",12d,https://nvidia.wd5.myworkdayjobs.com/NVIDIAExternalCareerSite/job/US-CA-Santa-Clara/AI-Software-Engineer--Kernel-Libraries---New-College-Grad-2026_JR2018472?utm_source=Simplify&ref=Simplify,SimplifyJobs New-Grad-Positions active,AI / data engineering
6,Stretch / slightly out of reach,NVIDIA,Machine Learning Applications and Compiler Engineer New Grad,"Santa Clara, CA",26d,https://nvidia.wd5.myworkdayjobs.com/NVIDIAExternalCareerSite/job/US-CA-Santa-Clara/Machine-Learning-Applications-and-Compiler-Engineer--LPX---New-College-Grad-2026_JR2016939?utm_source=Simplify&ref=Simplify,SimplifyJobs New-Grad-Positions active,AI / data engineering
6,Stretch / slightly out of reach,NVIDIA,"Deep Learning Architect, LLM Inference","Santa Clara, CA",1mo,https://nvidia.wd5.myworkdayjobs.com/en-US/nvidiaexternalcareersite/job/US-CA-Santa-Clara/Deep-Learning-Architect--LLM-Inference---New-College-Grad-2026_JR2016950?utm_source=Simplify&ref=Simplify,SimplifyJobs New-Grad-Positions active,AI / data engineering
6,Stretch / slightly out of reach,NVIDIA,Research Scientist  PhD New College Grad - Generative AI for Physical AI,"Santa Clara, CA",1mo,https://nvidia.wd5.myworkdayjobs.com/NVIDIAExternalCareerSite/job/US-CA-Santa-Clara/Research-Scientist--Generative-AI-for-Physical-AI---PhD-New-College-Grad-2026_JR2016032?utm_source=Simplify&ref=Simplify,SimplifyJobs New-Grad-Positions active,AI / data engineering
6,Stretch / slightly out of reach,NVIDIA,Applied Machine Learning Engineer  New College Grad 2026 - Circuit Design,"Santa Clara, CA",4mo,https://nvidia.wd5.myworkdayjobs.com/NVIDIAExternalCareerSite/job/US-CA-Santa-Clara/Applied-Machine-Learning-Engineer--Circuit-Design---New-College-Grad-2026_JR2011517?utm_source=Simplify&ref=Simplify,SimplifyJobs New-Grad-Positions active,AI / data engineering
7,Stretch / slightly out of reach,IBM,Entry Level Software Developer 2026,"Austin, TX / listing-dependent",2026 / source dependent,https://ibmglobal.avature.net/en_US/careers/JobDetail?jobId=56285,Official / web search,Platform / backend / cloud
8,Stretch / slightly out of reach,Capital One,Associate  New Grad Card Expansion - Software Engineer,"Toronto, ON, Canada",3mo,https://capitalone.wd12.myworkdayjobs.com/Capital_One/job/Toronto-ON/Associate--Software-Engineer--New-Grad-Card-Expansion_R236833?utm_source=Simplify&ref=Simplify,SimplifyJobs New-Grad-Positions active,Platform / backend / cloud
9,Stretch / slightly out of reach,Airbnb,iOS Software Engineer  New Grad,"Seattle, WA; SF",1mo,https://careers.airbnb.com/positions/7859317?gh_jid=7859317&utm_source=Simplify&ref=Simplify,SimplifyJobs New-Grad-Positions active,Full-stack / enterprise app
10,Stretch / slightly out of reach,Uber,Software Engineer 1,"Sunnyvale, CA",2mo,https://www.uber.com/global/en/careers/list/156116/?utm_source=Simplify&ref=Simplify,SimplifyJobs New-Grad-Positions active,Platform / backend / cloud
11,Stretch / slightly out of reach,Notion,Software Engineer  New Grad - AI,SF,1mo,https://jobs.ashbyhq.com/notion/7e6dc7fe-7ddd-42c1-8928-13f7bddb9ec9/application?utm_source=Simplify&ref=Simplify,SimplifyJobs New-Grad-Positions active,AI / data engineering
11,Stretch / slightly out of reach,Notion,Software Engineer  New Grad,SF,1mo,https://jobs.ashbyhq.com/notion/a6311f97-4850-4674-a5f3-d9fe5f6f2555/application?utm_source=Simplify&ref=Simplify,SimplifyJobs New-Grad-Positions active,AI / data engineering
12,Stretch / slightly out of reach,Figma,"Data Scientist, Core Data","New York, NY; San Francisco, CA",1mo,https://job-boards.greenhouse.io/figma/jobs/5976930004?gh_jid=5976930004&utm_source=Simplify&ref=Simplify,SimplifyJobs New-Grad-Positions active,AI / data engineering
13,Stretch / slightly out of reach,ServiceNow,"Associate Software Engineer, Search Infrastructure - Moveworks","Mountain View, CA",27d,https://jobs.smartrecruiters.com/ServiceNow/99c06c61-284f-4c2b-bd4d-1a7b53bf3fa4?utm_source=Simplify&ref=Simplify,SimplifyJobs New-Grad-Positions active,Platform / backend / cloud
13,Stretch / slightly out of reach,ServiceNow,"Associate Software Engineer, Core Infrastructure - Moveworks","Mountain View, CA",27d,https://jobs.smartrecruiters.com/ServiceNow/2274d8e3-af4a-4935-b065-f65622b5ea3f?utm_source=Simplify&ref=Simplify,SimplifyJobs New-Grad-Positions active,Platform / backend / cloud
14,Stretch / slightly out of reach,Twitch,Software Engineer 1,"Seattle, WA; SF",18d,https://job-boards.greenhouse.io/twitch/jobs/8548960002?utm_source=Simplify&ref=Simplify,SimplifyJobs New-Grad-Positions active,Platform / backend / cloud
14,Stretch / slightly out of reach,Twitch,Software Engineer 1,SF,18d,https://job-boards.greenhouse.io/twitch/jobs/8367555002?utm_source=Simplify&ref=Simplify,SimplifyJobs New-Grad-Positions active,Platform / backend / cloud
14,Stretch / slightly out of reach,Twitch,Software Engineer 1,SF,1mo,https://job-boards.greenhouse.io/twitch/jobs/8367602002?utm_source=Simplify&ref=Simplify,SimplifyJobs New-Grad-Positions active,Platform / backend / cloud
14,Stretch / slightly out of reach,Twitch,Software Engineer 1,SF,1mo,https://job-boards.greenhouse.io/twitch/jobs/8519628002?utm_source=Simplify&ref=Simplify,SimplifyJobs New-Grad-Positions active,Platform / backend / cloud
14,Stretch / slightly out of reach,Twitch,Software Engineer 1 - Commerce Engineering,"Seattle, WA; SF",2mo,https://job-boards.greenhouse.io/twitch/jobs/8459320002?utm_source=Simplify&ref=Simplify,SimplifyJobs New-Grad-Positions active,Platform / backend / cloud
15,Stretch / slightly out of reach,Glean,Software Engineer New Grad,California,25d,https://job-boards.greenhouse.io/gleanwork/jobs/4592324005?utm_source=Simplify&ref=Simplify,SimplifyJobs New-Grad-Positions active,AI / data engineering
16,Stretch / slightly out of reach,Citadel Securities,Software Engineer  University Graduate - US,"Miami, FL; NYC",7mo,https://www.citadelsecurities.com/careers/details/software-engineer-university-graduate-us/?utm_source=Simplify&ref=Simplify,SimplifyJobs New-Grad-Positions active,General SWE / entry level
17,Stretch / slightly out of reach,Hudson River Trading,Junior Crypto Electronic Trading Support Engineer,"London, UK",6mo,https://www.hudsonrivertrading.com/careers/job/?gh_jid=7351141&utm_source=Simplify&ref=Simplify,SimplifyJobs New-Grad-Positions active,General SWE / entry level
18,Stretch / slightly out of reach,Aquatic Capital Management,Software Engineer  Early Career,"Chicago, IL; NYC",2mo,https://job-boards.greenhouse.io/aquaticcapitalmanagement/jobs/8489226002?utm_source=Simplify&ref=Simplify,SimplifyJobs New-Grad-Positions active,General SWE / entry level
19,Stretch / slightly out of reach,Susquehanna International Group (SIG),Fixed Income Trading Analyst - Early Careers,"London, UK",1mo,https://careers-sig.icims.com/jobs/10827/job?mobile=true&needsRedirect=false&utm_source=Simplify&ref=Simplify,SimplifyJobs New-Grad-Positions active,General SWE / entry level
19,Stretch / slightly out of reach,Susquehanna International Group (SIG),Quantitative Strategy Developer New Grad,"Ardmore, PA",4mo,https://careers-sig.icims.com/jobs/9531/job?mobile=true&needsRedirect=false&utm_source=Simplify&ref=Simplify,SimplifyJobs New-Grad-Positions active,General SWE / entry level
20,Stretch / slightly out of reach,Waymo,Applied Research Scientist  New Grad - Perception Large Language Model/Vision-Language Model - PhD,"SF; Mountain View, CA",2mo,https://careers.withwaymo.com/jobs?gh_jid=7488508&utm_source=Simplify&ref=Simplify,SimplifyJobs New-Grad-Positions active,AI / data engineering
21,Stretch / slightly out of reach,Nuro,Software Engineer  New Grad - AI Platform,"Mountain View, CA",7mo,https://nuro.ai/careersitem?gh_jid=7351066&utm_source=Simplify&ref=Simplify,SimplifyJobs New-Grad-Positions active,Platform / backend / cloud
22,Stretch / slightly out of reach,Cerebras,ML Stack Optimization Engineer New Grad,"Toronto, ON, Canada",20d,https://boards.greenhouse.io/embed/job_app?token=7620986003&utm_source=Simplify&ref=Simplify,SimplifyJobs New-Grad-Positions active,AI / data engineering
23,Stretch / slightly out of reach,Spotify,Machine Learning Engineer 1 - Personalization - Minesweeper,NYC,20d,https://jobs.lever.co/spotify/fd79c3f5-1b2c-47c0-a3c6-4972b559e1c1/apply?utm_source=Simplify&ref=Simplify,SimplifyJobs New-Grad-Positions active,AI / data engineering
24,Stretch / slightly out of reach,Intuit,Software Engineer 1,"Mountain View, CA",7mo,https://jobs.intuit.com/job/mountain-view/software-engineer-1/27595/87369448720?utm_source=Simplify&ref=Simplify,SimplifyJobs New-Grad-Positions active,Platform / backend / cloud
25,Stretch / slightly out of reach,Affirm,Software Engineer 1 - Full-Stack,Remote in USA,1mo,https://job-boards.greenhouse.io/affirm/jobs/7685236003?utm_source=Simplify&ref=Simplify,SimplifyJobs New-Grad-Positions active,Platform / backend / cloud
26,Stretch / slightly out of reach,SeatGeek,Software Engineer  New Grad,NYC,1mo,https://seatgeek.com/jobs/7858968?gh_jid=7858968&utm_source=Simplify&ref=Simplify,SimplifyJobs New-Grad-Positions active,Platform / backend / cloud
27,Stretch / slightly out of reach,Sigma Computing,Software Engineer New Grad,SF; NYC,1mo,https://job-boards.greenhouse.io/sigmacomputing/jobs/7690411003?utm_source=Simplify&ref=Simplify,SimplifyJobs New-Grad-Positions active,Platform / backend / cloud
28,Stretch / slightly out of reach,Orb,Software Engineer  Early Career - Core Product,SF,2mo,https://jobs.ashbyhq.com/orb/b39f70d0-aaa9-46c1-896a-b064a1d3b2cc/application?utm_source=Simplify&ref=Simplify,SimplifyJobs New-Grad-Positions active,Platform / backend / cloud
29,Stretch / slightly out of reach,Continue,Software Engineer  New grad,SF,7mo,https://jobs.ashbyhq.com/continue/219fce3e-7af9-4b00-8fa7-87bf53db72f7/application?utm_source=Simplify&ref=Simplify,SimplifyJobs New-Grad-Positions active,AI / data engineering
30,Stretch / slightly out of reach,8VC,Software Engineer New Grad,SF,4mo,https://jobs.ashbyhq.com/8vc/4fea7270-2409-4701-b147-fc961d95588d/application?utm_source=Simplify&ref=Simplify,SimplifyJobs New-Grad-Positions active,General SWE / entry level
31,Reach / within reach,RTX,Software Engineer 1,"Concord, MA; Tewksbury, MA",1d,https://globalhr.wd5.myworkdayjobs.com/rec_rtx_ext_gateway/job/US-MA-TEWKSBURY-TB3--50-Apple-Hill-Dr--CONCORD-BLDG-Tewksbury-Tb3-300-Concord/XMLNAME-2026--Raytheon-Full-Time--Software-Engineer-I---Onsite-_01848697?utm_source=Simplify&ref=Simplify,SimplifyJobs New-Grad-Positions active,Platform / backend / cloud
31,Reach / within reach,RTX,Digital Hardware Engineer 1,"Huntsville, AL",19d,https://globalhr.wd5.myworkdayjobs.com/rec_rtx_ext_gateway/job/US-AL-HUNTSVILLE-315--315-Bob-Heath-Dr--BOB-HEATH/Digital-Hardware-Engineer-I_01841999-1?utm_source=Simplify&ref=Simplify,SimplifyJobs New-Grad-Positions active,Platform / backend / cloud
32,Reach / within reach,General Dynamics Mission Systems,Entry Level Infrastructure Software Engineer,"Pittsfield, MA",18d,https://careers-gdms.icims.com/jobs/72580/job?mobile=true&needsRedirect=false&utm_source=Simplify&ref=Simplify,SimplifyJobs New-Grad-Positions active,Platform / backend / cloud
32,Reach / within reach,General Dynamics Mission Systems,Software Engineer - Entry Level,"Pittsfield, MA",5d,https://careers-gdms.icims.com/jobs/72777/job?mobile=true&needsRedirect=false&utm_source=Simplify&ref=Simplify,SimplifyJobs New-Grad-Positions active,Platform / backend / cloud
32,Reach / within reach,General Dynamics Mission Systems,Entry Level Software Engineer,"Brooklyn, OH",13d,https://careers-gdms.icims.com/jobs/72592/job?mobile=true&needsRedirect=false&utm_source=Simplify&ref=Simplify,SimplifyJobs New-Grad-Positions active,Platform / backend / cloud
32,Reach / within reach,General Dynamics Mission Systems,Entry Level Software Engineer,"Manassas, VA",17d,https://careers-gdms.icims.com/jobs/72627/job?mobile=true&needsRedirect=false&utm_source=Simplify&ref=Simplify,SimplifyJobs New-Grad-Positions active,Platform / backend / cloud
32,Reach / within reach,General Dynamics Mission Systems,Entry Level Software Engineer,"Scottsdale, AZ",20d,https://careers-gdms.icims.com/jobs/72530/job?mobile=true&needsRedirect=false&utm_source=Simplify&ref=Simplify,SimplifyJobs New-Grad-Positions active,Platform / backend / cloud
33,Reach / within reach,General Dynamics Information Technology,Full Stack Engineer Junior,"Honolulu, HI",15d,https://gdit.wd5.myworkdayjobs.com/external_career_site/job/USA-HI-Camp-Smith/Full-Stack-Engineer-Junior_RQ220280-1?utm_source=Simplify&ref=Simplify,SimplifyJobs New-Grad-Positions active,Full-stack / enterprise app
34,Reach / within reach,Blue Origin,Software Development Engineer 1 - Early Career,"Kent, WA",4mo,https://blueorigin.wd5.myworkdayjobs.com/blueorigin/job/Greater-Seattle-Area/Software-Development-Engineer-I---Early-Career--2026-Starts-_R58467?utm_source=Simplify&ref=Simplify,SimplifyJobs New-Grad-Positions active,Systems / embedded adjacent
34,Reach / within reach,Blue Origin,Avionics Software  Early Career - Embedded - Engineer I,"LA; Kent, WA",4mo,https://blueorigin.wd5.myworkdayjobs.com/blueorigin/job/Greater-Seattle-Area/Avionics-Software--Embedded--Engineer-I---Early-Career--2026-Starts-_R58482?utm_source=Simplify&ref=Simplify,SimplifyJobs New-Grad-Positions active,Systems / embedded adjacent
35,Reach / within reach,Honeywell,Software Engineer 1,"Phoenix, AZ",3mo,https://ibqbjb.fa.ocs.oraclecloud.com/hcmUI/CandidateExperience/en/sites/Honeywell/job/137126?utm_source=Simplify&ref=Simplify,SimplifyJobs New-Grad-Positions active,Systems / embedded adjacent
35,Reach / within reach,Honeywell,Software Engineer 1,"Clearwater, FL",3mo,https://ibqbjb.fa.ocs.oraclecloud.com/hcmUI/CandidateExperience/en/sites/Honeywell/job/139984?utm_source=Simplify&ref=Simplify,SimplifyJobs New-Grad-Positions active,Systems / embedded adjacent
35,Reach / within reach,Honeywell,Embedded Engineer 1 New Grad,"St. Charles, IL",19d,https://ibqbjb.fa.ocs.oraclecloud.com/hcmUI/CandidateExperience/en/sites/Honeywell/job/140055?utm_source=Simplify&ref=Simplify,SimplifyJobs New-Grad-Positions active,Systems / embedded adjacent
35,Reach / within reach,Honeywell,Embedded Engineer 1,"North Haven, CT",1mo,https://ibqbjb.fa.ocs.oraclecloud.com/hcmUI/CandidateExperience/en/sites/Honeywell/job/145265?utm_source=Simplify&ref=Simplify,SimplifyJobs New-Grad-Positions active,Systems / embedded adjacent
35,Reach / within reach,Honeywell,Embedded Engineer 1,"North Haven, CT",1mo,https://ibqbjb.fa.ocs.oraclecloud.com/hcmUI/CandidateExperience/en/sites/Honeywell/job/145266?utm_source=Simplify&ref=Simplify,SimplifyJobs New-Grad-Positions active,Systems / embedded adjacent
36,Reach / within reach,Hewlett Packard Enterprise,Software Engineer 1,"Roseville, CA",3mo,https://hpe.wd5.myworkdayjobs.com/acjobsite/job/Roseville-California-United-States-of-America/Software-Engineer-I_1202397?utm_source=Simplify&ref=Simplify,SimplifyJobs New-Grad-Positions active,Platform / backend / cloud
37,Reach / within reach,Medtronic,Cloud Software Engineer 1 - Neuro,"Brooklyn Park, MN",4d,https://medtronic.wd1.myworkdayjobs.com/redeploymentmedtroniccareers/job/Fridley-Minnesota-United-States-of-America/Cloud-Software-Engineer-I---Neuro---Rice-Creek-Fridley--MN_R66348?utm_source=Simplify&ref=Simplify,SimplifyJobs New-Grad-Positions active,Platform / backend / cloud
38,Reach / within reach,CoStar Group,Software Engineer 1 - C#/.NET/Database,"Irvine, CA",29d,https://costar.wd1.myworkdayjobs.com/en-US/CoStarCareers/job/Orange-County---CA/Apartmentscom---Software-Engineer-I--C--NET-Database-_R38698?utm_source=Simplify&ref=Simplify,SimplifyJobs New-Grad-Positions active,Full-stack / enterprise app
39,Reach / within reach,Apex Fintech Solutions,Software Engineer 1 - Aldp,"Austin, TX",10d,https://peak6group.wd1.myworkdayjobs.com/apexfintechsolutions/job/Austin-TX/Software-Engineer-I--ALDP-_JR103501?utm_source=Simplify&ref=Simplify,SimplifyJobs New-Grad-Positions active,General SWE / entry level
40,Reach / within reach,Travelers,Data Engineer 1 - Multiple Teams,"Atlanta, GA",1mo,https://travelers.wd5.myworkdayjobs.com/External/job/GA---Atlanta/Data-Engineer-I--AWS--Databricks--PySpark-_R-49918?utm_source=Simplify&ref=Simplify,SimplifyJobs New-Grad-Positions active,AI / data engineering
40,Reach / within reach,Travelers,Data Engineer 1 - Snowflake,"Hartford, CT; St Paul, MN",1mo,https://travelers.wd5.myworkdayjobs.com/External/job/CT---Hartford/Data-Engineer-I--Snowflake-_R-49667?utm_source=Simplify&ref=Simplify,SimplifyJobs New-Grad-Positions active,AI / data engineering
41,Reach / within reach,GM financial,Software Development Engineer 1,"Arlington, TX",1mo,https://fa-exvu-saasfaprod1.fa.ocs.oraclecloud.com/hcmUI/CandidateExperience/en/sites/CX_1/job/2254?utm_source=Simplify&ref=Simplify,SimplifyJobs New-Grad-Positions active,Full-stack / enterprise app
41,Reach / within reach,GM financial,Software Development Engineer 1,"Arlington, TX",1mo,https://fa-exvu-saasfaprod1.fa.ocs.oraclecloud.com/hcmUI/CandidateExperience/en/sites/CX_1/job/2227?utm_source=Simplify&ref=Simplify,SimplifyJobs New-Grad-Positions active,Full-stack / enterprise app
41,Reach / within reach,GM financial,Software Development Engineer 1,"Arlington, TX; Irving, TX",1mo,https://fa-exvu-saasfaprod1.fa.ocs.oraclecloud.com/hcmUI/CandidateExperience/en/sites/CX_1/job/2078?utm_source=Simplify&ref=Simplify,SimplifyJobs New-Grad-Positions active,Full-stack / enterprise app
41,Reach / within reach,GM financial,Software Development Engineer 1,"Arlington, TX; Irving, TX",2mo,https://fa-exvu-saasfaprod1.fa.ocs.oraclecloud.com/hcmUI/CandidateExperience/en/sites/CX_1/job/1991?utm_source=Simplify&ref=Simplify,SimplifyJobs New-Grad-Positions active,Full-stack / enterprise app
42,Reach / within reach,General Motors,Software Engineer  Early Career - Autonomous Vehicles Software Systems,"Sunnyvale, CA; Warren, MI",2mo,https://generalmotors.wd5.myworkdayjobs.com/Careers_GM/job/Sunnyvale-California-United-States-of-America/Software-Engineer--Autonomous-Vehicles-Software-Systems---Early-Career_JR-202604759?utm_source=Simplify&ref=Simplify,SimplifyJobs New-Grad-Positions active,Systems / embedded adjacent
42,Reach / within reach,General Motors,Software Developer  Early Career,"Markham, ON, Canada",15d,https://generalmotors.wd5.myworkdayjobs.com/en-CA/Careers_GM/job/Markham-Ontario-Canada/Software-Developer---Early-Career_JR-202518755?utm_source=Simplify&ref=Simplify,SimplifyJobs New-Grad-Positions active,Systems / embedded adjacent
42,Reach / within reach,General Motors,Early Career Software Developer - Brake Controls and Diagnostics,"Markham, ON, Canada; Oshawa, ON, Canada",4d,https://generalmotors.wd5.myworkdayjobs.com/Careers_GM/job/Markham-Ontario-Canada/Early-Career-Software-Developer---Brake-Controls-and-Diagnostics_JR-202611503?utm_source=Simplify&ref=Simplify,SimplifyJobs New-Grad-Positions active,Systems / embedded adjacent
42,Reach / within reach,General Motors,Software Developer  Early Career,"Markham, ON, Canada; Oshawa, ON, Canada",7mo,https://generalmotors.wd5.myworkdayjobs.com/en-US/Careers_GM/job/Markham-Ontario-Canada/Software-Developer---Early-Career_JR-202518896?utm_source=Simplify&ref=Simplify,SimplifyJobs New-Grad-Positions active,Systems / embedded adjacent
43,Reach / within reach,Worldpay,Software Engineer 1 - Mainframe,"Cincinnati, OH",2mo,https://worldpay.wd5.myworkdayjobs.com/Worldpay_External_Careers_Site/job/CINCINNATI-OHIO/Software-Engineer-I---Mainframe_JR0609191-1?utm_source=Simplify&ref=Simplify,SimplifyJobs New-Grad-Positions active,AI / data engineering
44,Reach / within reach,BCBST,Associate Software Engineer 1,"Chattanooga, TN",5d,https://bcbst.wd1.myworkdayjobs.com/en-US/External/job/USA-TN-Chattanooga-Remote/Associate-Software-Engineer-I_R-49311?utm_source=Simplify&ref=Simplify,SimplifyJobs New-Grad-Positions active,General SWE / entry level
45,Reach / within reach,LexisNexis Risk Solutions,Data Engineer 1,"Alpharetta, GA",18d,https://relx.wd3.myworkdayjobs.com/en-US/RiskSolutions/job/Alpharetta-GA/Data-Engineer-I_R113132?utm_source=Simplify&ref=Simplify,SimplifyJobs New-Grad-Positions active,AI / data engineering
46,Reach / within reach,Esri,Software Development Engineer 1,"St. Louis, MO",4mo,https://www.esri.com/careers/5027588007?gh_jid=5027588007&utm_source=Simplify&ref=Simplify,SimplifyJobs New-Grad-Positions active,General SWE / entry level
47,Reach / within reach,DAT Freight & Analytics,Software Engineer 1,"Denver, CO",17d,https://careers.dat.com/jobs/5990621004?gh_jid=5990621004&utm_source=Simplify&ref=Simplify,SimplifyJobs New-Grad-Positions active,General SWE / entry level
48,Reach / within reach,D3,Backend Engineer  New Grad,LA,7mo,https://d3.com/careers?gh_jid=4915295008&utm_source=Simplify&ref=Simplify,SimplifyJobs New-Grad-Positions active,Platform / backend / cloud
48,Reach / within reach,D3,Frontend Engineer  New Grad,LA,7mo,https://d3.com/careers?gh_jid=4915213008&utm_source=Simplify&ref=Simplify,SimplifyJobs New-Grad-Positions active,Platform / backend / cloud
49,Reach / within reach,Navan,New College Grad Software Engineer - Backend,"Palo Alto, CA",1mo,https://navan.com/careers/openings?gh_jid=7777949&utm_source=Simplify&ref=Simplify,SimplifyJobs New-Grad-Positions active,Platform / backend / cloud
50,Reach / within reach,Whoop,Software Engineer 1 - Backend,"Boston, MA",3mo,https://jobs.lever.co/whoop/3b94218d-3a5a-4dd1-91c7-5f18655c93a8/apply?utm_source=Simplify&ref=Simplify,SimplifyJobs New-Grad-Positions active,Platform / backend / cloud
50,Reach / within reach,Whoop,Software Engineer 1 - Quality,"Boston, MA",1mo,https://jobs.lever.co/whoop/b7f75849-b5c0-49fe-8d24-50cbb39d284d/apply?utm_source=Simplify&ref=Simplify,SimplifyJobs New-Grad-Positions active,Platform / backend / cloud
50,Reach / within reach,Whoop,Software Engineer 1 - Frontend - Growth,"Boston, MA",2mo,https://jobs.lever.co/whoop/27101f2d-abc5-4cf3-aa86-f164e66ecdd8/apply?utm_source=Simplify&ref=Simplify,SimplifyJobs New-Grad-Positions active,Platform / backend / cloud
50,Reach / within reach,Whoop,Android Engineer 1 - Growth,"Boston, MA",7mo,https://jobs.lever.co/whoop/c1ee90e7-697b-49c2-b805-fa2c1ee20e4f/apply?utm_source=Simplify&ref=Simplify,SimplifyJobs New-Grad-Positions active,Platform / backend / cloud
51,Reach / within reach,Toast,Software Engineer 1 - Fullstack - Employee Development,Canada,12d,https://boards.greenhouse.io/embed/job_app?token=7895601&utm_source=Simplify&ref=Simplify,SimplifyJobs New-Grad-Positions active,General SWE / entry level
52,Reach / within reach,Instabase,Full-stack Software Engineer New Grad,SF,18d,https://job-boards.greenhouse.io/instabase/jobs/8548929002?utm_source=Simplify&ref=Simplify,SimplifyJobs New-Grad-Positions active,General SWE / entry level
53,Reach / within reach,Ivo,"Software Engineer, Backend","San Francisco, CA",2mo,https://jobs.lever.co/ivo/3ce9dc16-90fd-4b99-b4b9-dfd48ec1a50d?utm_source=Simplify&ref=Simplify,SimplifyJobs New-Grad-Positions active,Platform / backend / cloud
53,Reach / within reach,Ivo,"Software Engineer, Frontend","San Francisco, CA",2mo,https://jobs.lever.co/ivo/56746366-28dd-43e4-8457-ba7a17c43b57?utm_source=Simplify&ref=Simplify,SimplifyJobs New-Grad-Positions active,Platform / backend / cloud
54,Reach / within reach,Giga AI,Software Engineer  New Grads,NYC,3mo,https://jobs.ashbyhq.com/gigaml/7314c5c1-e3d0-4439-ad9f-b3b09d4dde51/application?utm_source=Simplify&ref=Simplify,SimplifyJobs New-Grad-Positions active,General SWE / entry level
54,Reach / within reach,Giga AI,Software Engineer 1 / 2 - New York,NYC,3mo,https://jobs.ashbyhq.com/gigaml/ba9b543d-e85c-4bd1-978b-f838d7a4062f/application?utm_source=Simplify&ref=Simplify,SimplifyJobs New-Grad-Positions active,General SWE / entry level
55,Reach / within reach,N1,New Grad Software Engineer - Backend Rust,4 locationsSF; Remote in USA; Europe; NYC,2mo,https://jobs.ashbyhq.com/n1/a3e25c84-0846-454a-b2fc-a356c2a713bd/application?utm_source=Simplify&ref=Simplify,SimplifyJobs New-Grad-Positions active,Platform / backend / cloud
55,Reach / within reach,N1,New Grad Software Engineer - Full Stack,NYC,7mo,https://jobs.ashbyhq.com/n1/73724fe2-9a93-4a60-b349-4fd3d2efa94a/application?utm_source=Simplify&ref=Simplify,SimplifyJobs New-Grad-Positions active,Platform / backend / cloud
56,Reach / within reach,Nymbus,AI-First Software Engineer  Entry Level,"Atlanta, GA",4mo,https://nymbus.com/careers?gh_jid=5785973004&utm_source=Simplify&ref=Simplify,SimplifyJobs New-Grad-Positions active,AI / data engineering
57,Reach / within reach,Wonderschool,Early Career Software Engineer - Applied AI,SF,1mo,https://job-boards.greenhouse.io/wonderschool/jobs/6359139003?utm_source=Simplify&ref=Simplify,SimplifyJobs New-Grad-Positions active,AI / data engineering
58,Reach / within reach,Torc Robotics,Software Engineer 1 - Metrics for Release Implementation,Remote in USA,5d,https://job-boards.greenhouse.io/torcrobotics/jobs/8554811002?utm_source=Simplify&ref=Simplify,SimplifyJobs New-Grad-Positions active,Systems / embedded adjacent
58,Reach / within reach,Torc Robotics,Software Engineer 1 - Device Drivers,"Ann Arbor, MI",1mo,https://job-boards.greenhouse.io/torcrobotics/jobs/8492431002?utm_source=Simplify&ref=Simplify,SimplifyJobs New-Grad-Positions active,Systems / embedded adjacent
59,Reach / within reach,PlayStation,Software Engineer 1,"Madison, WI",2mo,https://job-boards.greenhouse.io/sonyinteractiveentertainmentglobal/jobs/5840954004?utm_source=Simplify&ref=Simplify,SimplifyJobs New-Grad-Positions active,General SWE / entry level
59,Reach / within reach,PlayStation,Software Engineer 1,LA,2mo,https://job-boards.greenhouse.io/sonyinteractiveentertainmentglobal/jobs/5840958004?utm_source=Simplify&ref=Simplify,SimplifyJobs New-Grad-Positions active,General SWE / entry level
60,Reach / within reach,Sony Interactive Entertainment,Software Engineer 1,"San Diego, CA",9d,https://job-boards.greenhouse.io/sonyinteractiveentertainmentglobal/jobs/5859292004?utm_source=Simplify&ref=Simplify,SimplifyJobs New-Grad-Positions active,General SWE / entry level
61,Reach / within reach,WeRide,New Grads 2026 - Software Engineer - Algorithm,"San Jose, CA",4mo,https://jobs.lever.co/weride/1dc0209a-f90b-4f1c-a614-75f5b7883e6d/apply?utm_source=Simplify&ref=Simplify,SimplifyJobs New-Grad-Positions active,AI / data engineering
61,Reach / within reach,WeRide,New Grads - Software Engineer - Computer Vision,"San Jose, CA",4mo,https://jobs.lever.co/weride/d87ddf51-0def-436f-a178-135481b88f96/apply?utm_source=Simplify&ref=Simplify,SimplifyJobs New-Grad-Positions active,AI / data engineering
61,Reach / within reach,WeRide,New Grads - General Software Engineer,"San Jose, CA",4mo,https://jobs.lever.co/weride/94562b95-f574-4a60-bfbf-0cafb5c8ea3d/apply?utm_source=Simplify&ref=Simplify,SimplifyJobs New-Grad-Positions active,AI / data engineering
62,Reach / within reach,Symbotic,Software Engineer New Grad - Machine Learning Operations,"Burlington, MA",13d,https://symbotic.wd504.myworkdayjobs.com/Symbotic/job/USA-Wilmington--MA---HQ/Software-Engineer---ML-Ops_R6028?utm_source=Simplify&ref=Simplify,SimplifyJobs New-Grad-Positions active,AI / data engineering
62,Reach / within reach,Symbotic,Software Engineer New Grad,"Burlington, MA",12d,https://symbotic.wd504.myworkdayjobs.com/Symbotic/job/USA-Wilmington--MA---HQ/New-Grad--Software-Engineer_R6770?utm_source=Simplify&ref=Simplify,SimplifyJobs New-Grad-Positions active,AI / data engineering
63,Reach / within reach,Unity,Machine Learning Engineer New Grad - User Understanding,"Mountain View, CA",9d,https://boards.greenhouse.io/embed/job_app?token=7947300&utm_source=Simplify&ref=Simplify,SimplifyJobs New-Grad-Positions active,AI / data engineering
64,Reach / within reach,Quadric,Data Scientist New Grad - Model Optimization,"Burlingame, CA",11d,https://apply.workable.com/quadric-dot-i-o-inc/j/5A15DE8CCE/apply?utm_source=Simplify&ref=Simplify,SimplifyJobs New-Grad-Positions active,AI / data engineering
64,Reach / within reach,Quadric,Deep Learning Compiler Engineer New Grad,"Burlingame, CA",25d,https://apply.workable.com/quadric-dot-i-o-inc/j/43779C9213/apply?utm_source=Simplify&ref=Simplify,SimplifyJobs New-Grad-Positions active,AI / data engineering
65,Reach / within reach,Ciena,Platform Software Developer New Grad,"Atlanta, GA",1d,https://ciena.wd5.myworkdayjobs.com/Careers/job/Atlanta/Platform-Software-Developer---2026-New-Grads_R031084-1?utm_source=Simplify&ref=Simplify,SimplifyJobs New-Grad-Positions active,Platform / backend / cloud
65,Reach / within reach,Ciena,Wavelogic Hardware Engineer New Grad,"Ottawa, ON, Canada",1mo,https://ciena.wd5.myworkdayjobs.com/Careers/job/Ottawa/Wavelogic-Hardware-Engineer---New-Grad_R028748?utm_source=Simplify&ref=Simplify,SimplifyJobs New-Grad-Positions active,Platform / backend / cloud
66,Reach / within reach,Cadence Design Systems,Software Engineer New Grad - Numerical Analysis - C++,"Boston, MA",15d,https://cadence.wd1.myworkdayjobs.com/External_Careers/job/BOSTON-02/Software-Engineer_R52506-1?utm_source=Simplify&ref=Simplify,SimplifyJobs New-Grad-Positions active,Systems / embedded adjacent
66,Reach / within reach,Cadence Design Systems,Software Engineer New Grad - Numerical Analysis - C++,"Boston, MA",15d,https://cadence.wd1.myworkdayjobs.com/Univ_Careers/job/BOSTON-02/Software-Engineer_R52506?utm_source=Simplify&ref=Simplify,SimplifyJobs New-Grad-Positions active,Systems / embedded adjacent
66,Reach / within reach,Cadence Design Systems,Software Engineer  New College Grad - Numerical Analysis - C++,"Boston, MA",12d,https://cadence.wd1.myworkdayjobs.com/University_Talent/job/BOSTON-02/Software-Engineer--Numerical-Analysis--C----Optimization--Mathematics----New-College-Grad_R52506-1?utm_source=Simplify&ref=Simplify,SimplifyJobs New-Grad-Positions active,Systems / embedded adjacent
66,Reach / within reach,Cadence Design Systems,Software Engineer 1,"San Jose, CA",18d,https://cadence.wd1.myworkdayjobs.com/External_Careers/job/SAN-JOSE/Software-Engineer-I_R54764-1?utm_source=Simplify&ref=Simplify,SimplifyJobs New-Grad-Positions active,Systems / embedded adjacent
66,Reach / within reach,Cadence Design Systems,Software Engineer 1,"San Jose, CA",18d,https://cadence.wd1.myworkdayjobs.com/Univ_Careers/job/SAN-JOSE/Software-Engineer-I_R54764?utm_source=Simplify&ref=Simplify,SimplifyJobs New-Grad-Positions active,Systems / embedded adjacent
67,Reach / within reach,Brain Corp,Software Engineer 1 - Firmware,"San Diego, CA",1mo,https://braincorp.com/open-positions?gh_jid=8502582002&utm_source=Simplify&ref=Simplify,SimplifyJobs New-Grad-Positions active,Systems / embedded adjacent
67,Reach / within reach,Brain Corp,Software Engineer 1,"San Diego, CA",1mo,https://braincorp.com/open-positions?gh_jid=8490301002&utm_source=Simplify&ref=Simplify,SimplifyJobs New-Grad-Positions active,Systems / embedded adjacent
68,Reach / within reach,Brain Co.,Early Career AI/ML Engineer,California,4mo,https://jobs.ashbyhq.com/brainco/bb6e555b-8bb1-4cd7-9813-4f82a5ebe839/application?utm_source=Simplify&ref=Simplify,SimplifyJobs New-Grad-Positions active,AI / data engineering
69,Reach / within reach,Northwood Space,Software Engineer  New grad / early career,"Carson, CA",1mo,https://jobs.ashbyhq.com/NorthwoodSpace/b960b661-e1cc-40d0-bde3-290cd1b58ede/application?utm_source=Simplify&ref=Simplify,SimplifyJobs New-Grad-Positions active,Systems / embedded adjacent
70,Reach / within reach,True Anomaly,Flight Software Engineer 1,"Long Beach, CA; Denver, CO",2mo,https://job-boards.greenhouse.io/trueanomalyinc/jobs/5090441007?utm_source=Simplify&ref=Simplify,SimplifyJobs New-Grad-Positions active,Systems / embedded adjacent
71,Reach / within reach,Rocket Lab USA,Flight Software Engineer 1,"Littleton, CO",4d,https://job-boards.greenhouse.io/rocketlab/jobs/7734583003?utm_source=Simplify&ref=Simplify,SimplifyJobs New-Grad-Positions active,Systems / embedded adjacent
72,Reach / within reach,Lightfield,AI Product Engineer  New Grad,SF,6mo,https://jobs.ashbyhq.com/Lightfield/bb758825-5422-46c4-86c3-0be1cc89148f/application?utm_source=Simplify&ref=Simplify,SimplifyJobs New-Grad-Positions active,AI / data engineering
73,Reach / within reach,FlexAI,Software Engineer  New Grad,"San Jose, CA",1mo,https://ats.rippling.com/flexai/jobs/93ada67c-8527-427c-b2f6-4a5557b00674?utm_source=Simplify&ref=Simplify,SimplifyJobs New-Grad-Positions active,General SWE / entry level
74,Reach / within reach,Julius AI,Refresh Software Engineer New Grad - Product,SF,11d,https://jobs.ashbyhq.com/julius/5e0b677a-f677-44de-93c6-f7848ab5a8e6/application?utm_source=Simplify&ref=Simplify,SimplifyJobs New-Grad-Positions active,General SWE / entry level
75,Reach / within reach,Lila Sciences,Software Engineer 1 - Instrument Software,"Cambridge, MA",13d,https://job-boards.greenhouse.io/lilasciences/jobs/4186444009?utm_source=Simplify&ref=Simplify,SimplifyJobs New-Grad-Positions active,General SWE / entry level
76,Reach / within reach,ClimateAI,Data Engineer 1,SF,18d,https://job-boards.greenhouse.io/climateai/jobs/5137357007?utm_source=Simplify&ref=Simplify,SimplifyJobs New-Grad-Positions active,AI / data engineering
77,Reach / within reach,AIG,Early Career - Gen AI - Data Science Analyst,"Atlanta, GA",4mo,https://aig.wd1.myworkdayjobs.com/aig/job/GA-Atlanta/XMLNAME-2026-Early-Career---Gen-AI---Data-Science-Analyst---United-States--Atlanta--GA--_JR2505608-1?utm_source=Simplify&ref=Simplify,SimplifyJobs New-Grad-Positions active,AI / data engineering
78,Reach / within reach,Talan,Junior AI & Data Consultant,"4 locationsLondon, UK; Edinburgh, UK; Leeds, UK; Manchester, UK",4d,https://jobs.smartrecruiters.com/Talan/744000128710379?utm_source=Simplify&ref=Simplify,SimplifyJobs New-Grad-Positions active,AI / data engineering
79,Reach / within reach,Westinghouse Electric Company,Data Scientist New Grad,"Cranberry Twp, PA",24d,https://careers.westinghousenuclear.com/job/Cranberry-Township-Data-Scientist-New-Grad-Leadership-Program-NC/1389167200/?ats=successfactors&utm_source=Simplify&ref=Simplify,SimplifyJobs New-Grad-Positions active,AI / data engineering
80,Reach / within reach,Parallel Web Systems,Early Career Research Engineer,"Palo Alto, CA",4mo,https://jobs.ashbyhq.com/parallel/056e41f8-7d5f-41c1-99fd-bf002dc072fd/application?utm_source=Simplify&ref=Simplify,SimplifyJobs New-Grad-Positions active,Platform / backend / cloud
81,Safe / volume,Albertsons,Entry Level Front End Engineer,"Carlsbad, NM",0d,https://eofd.fa.us6.oraclecloud.com/hcmUI/CandidateExperience/en/sites/CX_1001/job/717308?utm_source=Simplify&ref=Simplify,SimplifyJobs New-Grad-Positions active,General SWE / entry level
81,Safe / volume,Albertsons,Entry Level Front End Engineer,"Merrimack, NH",0d,https://eofd.fa.us6.oraclecloud.com/hcmUI/CandidateExperience/en/sites/CX_1001/job/717323?utm_source=Simplify&ref=Simplify,SimplifyJobs New-Grad-Positions active,General SWE / entry level
82,Safe / volume,mthree,Junior Software Engineer,United States,6mo,https://mthree.com/careers/job/?gh_jid=4374344006&utm_source=Simplify&ref=Simplify,SimplifyJobs New-Grad-Positions active,General SWE / entry level
82,Safe / volume,mthree,Junior Software Developer,"Montreal, QC, Canada",2mo,https://job-boards.greenhouse.io/mthreerecruitingportal/jobs/4374767006?utm_source=Simplify&ref=Simplify,SimplifyJobs New-Grad-Positions active,General SWE / entry level
82,Safe / volume,mthree,Junior Software Developer,"Montreal, QC, Canada",2mo,https://job-boards.greenhouse.io/mthreerecruitingportal/jobs/4628952006?utm_source=Simplify&ref=Simplify,SimplifyJobs New-Grad-Positions active,General SWE / entry level
82,Safe / volume,mthree,Junior Software Developer - Go Lang,United Kingdom,6mo,https://job-boards.greenhouse.io/mthreerecruitingportal/jobs/4604065006?utm_source=Simplify&ref=Simplify,SimplifyJobs New-Grad-Positions active,General SWE / entry level
83,Safe / volume,IXL Learning,Software Engineer  New Grad,"San Mateo, CA",1mo,https://www.ixl.com/company/jobs?gh_jid=8530389002&utm_source=Simplify&ref=Simplify,SimplifyJobs New-Grad-Positions active,General SWE / entry level
83,Safe / volume,IXL Learning,Software Engineer  New Grad,"Raleigh, NC",1mo,https://www.ixl.com/company/jobs?gh_jid=8530542002&utm_source=Simplify&ref=Simplify,SimplifyJobs New-Grad-Positions active,General SWE / entry level
83,Safe / volume,IXL Learning,Software Developer  New Grad,"Toronto, ON, Canada",3mo,https://www.ixl.com/company/jobs?gh_jid=8430283002&utm_source=Simplify&ref=Simplify,SimplifyJobs New-Grad-Positions active,General SWE / entry level
84,Safe / volume,Captivation,Software Engineer 1 - AWS/Docker/Kubernetes/Java/Javascript/Kibana/Git,"Annapolis Junction, MD",12d,https://job-boards.greenhouse.io/captivation/jobs/5225182008?utm_source=Simplify&ref=Simplify,SimplifyJobs New-Grad-Positions active,Platform / backend / cloud
84,Safe / volume,Captivation,Software Engineer 1 - Java/Mapreduce/Cloud/Ghostmachine/QTA,"Annapolis Junction, MD",12d,https://job-boards.greenhouse.io/captivation/jobs/5225213008?utm_source=Simplify&ref=Simplify,SimplifyJobs New-Grad-Positions active,Platform / backend / cloud
84,Safe / volume,Captivation,Software Engineer 1 - Linux/HPC/Bash/Python/Docker/Gitlab/CI/CD,"Annapolis Junction, MD",8d,https://job-boards.greenhouse.io/captivation/jobs/5230024008?utm_source=Simplify&ref=Simplify,SimplifyJobs New-Grad-Positions active,Platform / backend / cloud
84,Safe / volume,Captivation,Software Engineer 0 - Java,"Annapolis Junction, MD",12d,https://job-boards.greenhouse.io/captivation/jobs/5225203008?utm_source=Simplify&ref=Simplify,SimplifyJobs New-Grad-Positions active,Platform / backend / cloud
85,Safe / volume,Berkshire Hathaway Energy,Software Engineer 1 - Automation,"6 locationsSalt Lake City, UT; Las Vegas, NV; Des Moines, IA; Richmond, VA; Reno, NV; Portland, OR",1mo,https://fa-essf-saasfaprod1.fa.ocs.oraclecloud.com/hcmUI/CandidateExperience/en/sites/CX_1/job/10004755?utm_source=Simplify&ref=Simplify,SimplifyJobs New-Grad-Positions active,General SWE / entry level
85,Safe / volume,Berkshire Hathaway Energy,Software Engineer 1 Intern,"5 locationsDes Moines, IA; Richmond, VA; Reno, NV; Sioux City, IA; Davenport, IA",2mo,https://fa-essf-saasfaprod1.fa.ocs.oraclecloud.com/hcmUI/CandidateExperience/en/sites/CX_1/job/10004645?utm_source=Simplify&ref=Simplify,SimplifyJobs New-Grad-Positions active,General SWE / entry level
86,Safe / volume,McDonald's,Software Engineer I C#,"Chicago, IL",6mo,https://jobs.mcdonalds.com/job/Chicago-Software-Engineer-I-C-IL-60607/1340292800/?ats=successfactors&utm_source=Simplify&ref=Simplify,SimplifyJobs New-Grad-Positions active,Full-stack / enterprise app
86,Safe / volume,McDonald's,Software Engineer 1 - iOS,"Chicago, IL",6mo,https://jobs.mcdonalds.com/job/Chicago-Software-Engineer-I-iOS-IL-60607/1322170500/?ats=successfactors&utm_source=Simplify&ref=Simplify,SimplifyJobs New-Grad-Positions active,Full-stack / enterprise app
87,Safe / volume,Fullbay,Software Engineer 1,"Phoenix, AZ",24d,https://fullbay.bamboohr.com/careers/235/?utm_source=Simplify&ref=Simplify,SimplifyJobs New-Grad-Positions active,General SWE / entry level
88,Safe / volume,Baton Corporation,Junior Full Stack Engineer,"New York, NY",3mo,https://jobs.ashbyhq.com/batoncorporation/bb3ab630-5e59-48b5-9794-00a225879a66?utm_source=Simplify&ref=Simplify,SimplifyJobs New-Grad-Positions active,Full-stack / enterprise app
89,Safe / volume,Loop,New Grad - Full-Stack,"Chicago, IL",1mo,https://job-boards.greenhouse.io/loop/jobs/5981831004?utm_source=Simplify&ref=Simplify,SimplifyJobs New-Grad-Positions active,General SWE / entry level
90,Safe / volume,Perpay,Software Engineer  New Grad,"Philadelphia, PA",4mo,https://job-boards.greenhouse.io/perpay/jobs/4034578007?utm_source=Simplify&ref=Simplify,SimplifyJobs New-Grad-Positions active,General SWE / entry level
91,Safe / volume,Quince,Software Development Engineer New Grad,"Palo Alto, CA",11d,https://job-boards.greenhouse.io/quince/jobs/5226786008?utm_source=Simplify&ref=Simplify,SimplifyJobs New-Grad-Positions active,General SWE / entry level
92,Safe / volume,Remodel Health,Junior Software Engineer,"Indianapolis, IN",2mo,https://job-boards.greenhouse.io/remodelhealth/jobs/5163796008?utm_source=Simplify&ref=Simplify,SimplifyJobs New-Grad-Positions active,General SWE / entry level
93,Safe / volume,Latitude,Entry Level Software Developer - Data & Database Focus,"Baltimore, MD",3mo,https://jobs.lever.co/latitudeinc/4afc4fa6-2729-4de4-89bf-cda1209fb0d8/apply?utm_source=Simplify&ref=Simplify,SimplifyJobs New-Grad-Positions active,General SWE / entry level
94,Safe / volume,KRG Technologies,Junior Software Engineer,"Redmond, WA",2mo,https://jobs.smartrecruiters.com/KrgTechnologyInc/101351633?utm_source=Simplify&ref=Simplify,SimplifyJobs New-Grad-Positions active,General SWE / entry level
95,Safe / volume,Freedom Technology Solutions Group,Junior Software Engineer,"St. Louis, MO",2mo,https://job-boards.greenhouse.io/freedomconsulting/jobs/5089261007?utm_source=Simplify&ref=Simplify,SimplifyJobs New-Grad-Positions active,General SWE / entry level
96,Safe / volume,Fortinet,Junior Software Developer,"Santa Clara, CA",1mo,https://edel.fa.us2.oraclecloud.com/hcmUI/CandidateExperience/en/sites/CX_2001/job/22744?utm_source=Simplify&ref=Simplify,SimplifyJobs New-Grad-Positions active,General SWE / entry level
97,Safe / volume,Konrad Group,Software Developer - Entry Level,"London, UK",2mo,https://boards.greenhouse.io/embed/job_app?token=7669159003&utm_source=Simplify&ref=Simplify,SimplifyJobs New-Grad-Positions active,General SWE / entry level
98,Safe / volume,D2L,Software Developer  New Graduate,"4 locationsWinnipeg, MB, Canada; Toronto, ON, Canada; Kitchener, ON, Canada; Vancouver, BC, Canada",5mo,https://www.d2l.com/careers/jobs/?job_id=7455458&gh_jid=7455458&utm_source=Simplify&ref=Simplify,SimplifyJobs New-Grad-Positions active,General SWE / entry level
99,Safe / volume,Melaleuca,Software Engineer 1 - Business Intelligence,"Idaho Falls, ID",2mo,https://careers-melaleuca.icims.com/jobs/9067/job?mobile=true&needsRedirect=false&utm_source=Simplify&ref=Simplify,SimplifyJobs New-Grad-Positions active,General SWE / entry level
100,Safe / volume,Clearer.io,Associate Software Engineer 1,"Leicester, UK",3mo,https://jobs.lever.co/Clearer/530ccee8-a05b-4511-9b0f-4296a8a489ef/apply?utm_source=Simplify&ref=Simplify,SimplifyJobs New-Grad-Positions active,General SWE / entry level
